author,name,rank,date
Daniel Powter,Bad Day,1,2006
Sean Paul,Temperature,2,2006
Nelly Furtado Featuring Timbaland,Promiscuous,3,2006
James Blunt,You're Beautiful,4,2006
Shakira Featuring Wyclef Jean,Hips Don't Lie,5,2006
Natasha Bedingfield,Unwritten,6,2006
Gnarls Barkley,Crazy,7,2006
Chamillionaire Featuring Krayzie Bone,Ridin',8,2006
Justin Timberlake,SexyBack,9,2006
Beyonce Featuring Slim Thug,Check On It,10,2006
Mary J. Blige,Be Without You,11,2006
"Nelly Featuring Paul Wall, Ali & Gipp",Grillz,12,2006
The Fray,Over My Head (Cable Car),13,2006
Cassie,Me & U,14,2006
The Pussycat Dolls Featuring Snoop Dogg,Buttons,15,2006
Chris Brown,Run It!,16,2006
Ne-Yo,So Sick,17,2006
Yung Joc,It's Goin' Down,18,2006
Rihanna,SOS,19,2006
Panic! At The Disco,I Write Sins Not Tragedies,20,2006
The All-American Rejects,Move Along,21,2006
Fergie,London Bridge,22,2006
Red Hot Chili Peppers,Dani California,23,2006
Lil Jon Featuring E-40 & Sean Paul Of The YoungBloodZ,Snap Yo Fingers,24,2006
Dem Franchize Boyz Featuring Lil Peanut & Charlay,"Lean Wit It, Rock Wit It",25,2006
Rascal Flatts,What Hurts The Most,26,2006
The Fray,How To Save A Life,27,2006
Rihanna,Unfaithful,28,2006
Snow Patrol,Chasing Cars,29,2006
Hinder,Lips Of An Angel,30,2006
Cascada,Everytime We Touch,31,2006
Christina Aguilera,Ain't No Other Man,32,2006
Fall Out Boy,"Dance, Dance",33,2006
Kanye West Featuring Jamie Foxx,Gold Digger,34,2006
Ludacris Featuring Pharrell,Money Maker,35,2006
Bubba Sparxxx Featuring Ying Yang Twins & Mr. ColliPark,Ms. New Booty,36,2006
Sean Paul Featuring Keyshia Cole,(When You Gonna) Give It Up To Me,37,2006
Nickelback,Photograph,38,2006
Kelly Clarkson,Because Of You,39,2006
The Pussycat Dolls,Stickwitu,40,2006
T-Pain Featuring Mike Jones,I'm N Luv (Wit A Stripper),41,2006
The Black Eyed Peas,My Humps,42,2006
Fort Minor Featuring Holly Brook,Where'd You Go,43,2006
Chris Brown,Yo (Excuse Me Miss),44,2006
Kelly Clarkson,Walk Away,45,2006
D4L,Laffy Taffy,46,2006
T.I.,What You Know,47,2006
The All-American Rejects,Dirty Little Secret,48,2006
Nickelback,Savin' Me,49,2006
Mariah Carey,Don't Forget About Us,50,2006
Ne-Yo,Sexy Love,51,2006
E-40 Featuring T-Pain & Kandi Girl,U And Dat,52,2006
Nickelback,Far Away,53,2006
Nick Lachey,What's Left Of Me,54,2006
Field Mob Featuring Ciara,So What,55,2006
Cherish Featuring Sean Paul Of The YoungBloodZ,Do It To It,56,2006
KT Tunstall,Black Horse & The Cherry Tree,57,2006
Juelz Santana,There It Go! (The Whistle Song),58,2006
Young Dro Featuring T.I.,Shoulder Lean,59,2006
Jamie Foxx Featuring Ludacris,Unpredictable,60,2006
Justin Timberlake Featuring T.I.,My Love,61,2006
Eminem Featuring Nate Dogg,Shake That,62,2006
Chingy Featuring Tyrese,Pullin' Me Back,63,2006
Kelis Featuring Too $hort,Bossy,64,2006
Jibbs,Chain Hang Low,65,2006
Akon Featuring Eminem,Smack That,66,2006
Ray J,One Wish,67,2006
Fall Out Boy,"Sugar, We're Goin' Down",68,2006
Chris Brown Featuring Lil Wayne,Gimme That,69,2006
Yung Joc Featuring Brandy 'Ms. B.' Hambrick,I Know You See It,70,2006
Bon Jovi,Who Says You Can't Go Home,71,2006
JoJo,Too Little Too Late,72,2006
Busta Rhymes,Touch It,73,2006
Daddy Yankee,Rompe,74,2006
Beyonce Featuring Jay Z,Deja Vu,75,2006
Rascal Flatts,Life Is A Highway,76,2006
Evanescence,Call Me When You're Sober,77,2006
Carrie Underwood,"Jesus, Take The Wheel",78,2006
Danity Kane,Show Stopper,79,2006
Ciara Featuring Chamillionaire,Get Up,80,2006
Sean Paul,We Be Burnin',81,2006
Blue October,Hate Me,82,2006
Lifehouse,You And Me,83,2006
The Pussycat Dolls Featuring will.i.am,Beep,84,2006
"Dem Franchize Boyz Featuring Jermaine Dupri, Da Brat & Bow Wow",I Think They Like Me,85,2006
Chris Brown,Say Goodbye,86,2006
John Mayer,Waiting On The World To Change,87,2006
Young Jeezy Featuring Akon,Soul Survivor,88,2006
The Black Eyed Peas,Pump It,89,2006
Eminem,When I'm Gone,90,2006
Madonna,Hung Up,91,2006
Three 6 Mafia Featuring Young Buck & Eightball & MJG,Stay Fly,92,2006
Keyshia Cole,Love,93,2006
Ne-Yo,When You're Mad,94,2006
T.I.,Why You Wanna,95,2006
P!nk,Stupid Girls,96,2006
Gorillaz,Feel Good Inc,97,2006
T-Pain,I'm Sprung,98,2006
Taylor Hicks,Do I Make You Proud,99,2006
Teddy Geiger,For You I Will (Confidence),100,2006
Beyonce,Irreplaceable,1,2007
Rihanna Featuring Jay-Z,Umbrella,2,2007
Gwen Stefani Featuring Akon,The Sweet Escape,3,2007
Fergie,Big Girls Don't Cry,4,2007
T-Pain Featuring Yung Joc,Buy U A Drank (Shawty Snappin'),5,2007
Carrie Underwood,Before He Cheats,6,2007
Plain White T's,Hey There Delilah,7,2007
Akon Featuring Snoop Dogg,I Wanna Love You,8,2007
Nelly Furtado,Say It Right,9,2007
Fergie Featuring Ludacris,Glamorous,10,2007
Akon,Don't Matter,11,2007
Avril Lavigne,Girlfriend,12,2007
Maroon 5,Makes Me Wonder,13,2007
Shop Boyz,Party Like A Rockstar,14,2007
Akon Featuring Eminem,Smack That,15,2007
Mims,This Is Why I'm Hot,16,2007
Daughtry,It's Not Over,17,2007
Timbaland Featuring Keri Hilson,The Way I Are,18,2007
Fergie,Fergalicious,19,2007
Soulja Boy Tell'em,Crank That (Soulja Boy),20,2007
Timbaland Featuring Nelly Furtado & Justin Timberlake,Give It To Me,21,2007
Justin Timberlake,What Goes Around...Comes Around,22,2007
Gym Class Heroes Featuring Patrick Stump,Cupid's Chokehold/Breakfast In America,23,2007
The Fray,How To Save A Life,24,2007
Daughtry,Home,25,2007
Justin Timberlake Featuring T.I.,My Love,26,2007
Kanye West,Stronger,27,2007
Jim Jones,We Fly High,28,2007
P!nk,U + Ur Hand,29,2007
Unk,Walk It Out,30,2007
Sean Kingston,Beautiful Girls,31,2007
Fall Out Boy,"This Ain't A Scene, It's An Arms Race",32,2007
T-Pain Featuring Akon,Bartender,33,2007
Huey,"Pop, Lock & Drop It",34,2007
Ludacris Featuring Mary J. Blige,Runaway Love,35,2007
Nickelback,Rockstar,36,2007
Fall Out Boy,Thnks Fr Th Mmrs,37,2007
Linkin Park,What I've Done,38,2007
Justin Timberlake,Summer Love,39,2007
Lloyd Featuring Lil Wayne,You,40,2007
Elliott Yamin,Wait For You,41,2007
Diddy Featuring Keyshia Cole,Last Night,42,2007
Fat Joe Featuring Lil Wayne,Make It Rain,43,2007
Fabolous Featuring Ne-Yo,Make Me Better,44,2007
Omarion,Ice Box,45,2007
Hinder,Lips Of An Angel,46,2007
John Mayer,Waiting On The World To Change,47,2007
Robin Thicke,Lost Without U,48,2007
R. Kelly Or Bow Wow (Featuring T.I. & T-Pain),I'm A Flirt,49,2007
Nickelback,If Everyone Cared,50,2007
Lloyd,Get It Shawty,51,2007
The Red Jumpsuit Apparatus,Face Down,52,2007
Baby Boy Da Prince Featuring Lil Boosie,The Way I Live,53,2007
Bow Wow Featuring Chris Brown & Johnta Austin,Shortie Like Mine,54,2007
The All-American Rejects,It Ends Tonight,55,2007
Hurricane Chris,A Bay Bay,56,2007
Ne-Yo,Because Of You,57,2007
Bone Thugs-N-Harmony Featuring Akon,I Tried,58,2007
My Chemical Romance,Welcome To The Black Parade,59,2007
Plies Featuring T-Pain,Shawty,60,2007
Snow Patrol,Chasing Cars,61,2007
Beyonce & Shakira,Beautiful Liar,62,2007
Justin Timberlake,SexyBack,63,2007
Avril Lavigne,Keep Holding On,64,2007
Keyshia Cole Featuring Missy Elliott & Lil Kim,Let It Go,65,2007
Timbaland Featuring OneRepublic,Apologize,66,2007
Colbie Caillat,Bubbly,67,2007
Ciara,Like A Boy,68,2007
P!nk,Who Knew,69,2007
Kelly Clarkson,Never Again,70,2007
Ciara,Promise,71,2007
J. Holiday,Bed,72,2007
Rich Boy Featuring Polow Da Don,Throw Some D's,73,2007
Amy Winehouse,Rehab,74,2007
T.I.,Big Things Poppin' (Do It),75,2007
Alicia Keys,No One,76,2007
Boys Like Girls,The Great Escape,77,2007
Unk,2 Step,78,2007
Paula DeAnda Featuring The DEY,Walk Away (Remember Me),79,2007
Young Jeezy Featuring R. Kelly,Go Getta,80,2007
Hellogoodbye,Here (In Your Arms),81,2007
Pretty Ricky,On The Hotline,82,2007
Gwen Stefani,Wind It Up,83,2007
Baby Bash Featuring T-Pain,Cyclone,84,2007
Rihanna & Sean Paul,Break It Off,85,2007
Lifehouse,First Time,86,2007
50 Cent Featuring Justin Timberlake & Timbaland,Ayo Technology,87,2007
Bow Wow Featuring T-Pain & Johnta Austin,Outta My System,88,2007
Taylor Swift,Teardrops On My Guitar,89,2007
Rihanna,Shut Up And Drive,90,2007
Red Hot Chili Peppers,Snow ((Hey Oh)),91,2007
Ludacris Featuring Pharrell,Money Maker,92,2007
Chris Brown Featuring T-Pain,Kiss Kiss,93,2007
Nickelback,Far Away,94,2007
Crime Mob Featuring Lil Scrappy,Rock Yo Hips,95,2007
Justin Timberlake,LoveStoned,96,2007
Hinder,Better Than Me,97,2007
Finger Eleven,Paralyzer,98,2007
Snoop Dogg Featuring R. Kelly,That's That,99,2007
R. Kelly Duet With Usher,Same Girl,100,2007
Flo Rida Featuring T-Pain,Low,1,2008
Leona Lewis,Bleeding Love,2,2008
Alicia Keys,No One,3,2008
Lil Wayne Featuring Static Major,Lollipop,4,2008
Timbaland Featuring OneRepublic,Apologize,5,2008
Jordin Sparks Duet With Chris Brown,No Air,6,2008
Sara Bareilles,Love Song,7,2008
Usher Featuring Young Jeezy,Love In This Club,8,2008
Chris Brown,With You,9,2008
Chris Brown,Forever,10,2008
Ray J & Yung Berg,Sexy Can I,11,2008
Rihanna,Take A Bow,12,2008
Coldplay,Viva La Vida,13,2008
Katy Perry,I Kissed A Girl,14,2008
T.I.,Whatever You Like,15,2008
Rihanna,Disturbia,16,2008
Rihanna,Don't Stop The Music,17,2008
Natasha Bedingfield,Pocketful Of Sunshine,18,2008
Chris Brown Featuring T-Pain,Kiss Kiss,19,2008
Ne-Yo,Closer,20,2008
Colbie Caillat,Bubbly,21,2008
Mariah Carey,Touch My Body,22,2008
Madonna Featuring Justin Timberlake & Timbaland,4 Minutes,23,2008
P!nk,So What,24,2008
Finger Eleven,Paralyzer,25,2008
Fergie,Clumsy,26,2008
Jason Mraz,I'm Yours,27,2008
Jesse McCartney,Leavin',28,2008
Kardinal Offishall Featuring Akon,Dangerous,29,2008
Jordin Sparks,Tattoo,30,2008
Miley Cyrus,See You Again,31,2008
Metro Station,Shake It,32,2008
OneRepublic,Stop And Stare,33,2008
Sean Kingston,Take You There,34,2008
M.I.A.,Paper Planes,35,2008
Katy Perry,Hot N Cold,36,2008
T.I. Featuring Rihanna,Live Your Life,37,2008
Plies Featuring Ne-Yo,Bust It Baby Part 2,38,2008
Estelle Featuring Kanye West,American Boy,39,2008
Lil Wayne Featuring T-Pain,Got Money,40,2008
Taylor Swift,Our Song,41,2008
Danity Kane,Damaged,42,2008
Lil Wayne,A Milli,43,2008
Buckcherry,Sorry,44,2008
Webbie Featuring Lil' Phat & Lil' Boosie,Independent,45,2008
T-Pain Featuring Lil Wayne,Can't Believe It,46,2008
Alicia Keys,Like You'll Never See Me Again,47,2008
Taylor Swift,Teardrops On My Guitar,48,2008
The Pussycat Dolls,When I Grow Up,49,2008
Snoop Dogg,Sensual Seduction,50,2008
Colby O'Donis Featuring Akon,What You Got,51,2008
3 Doors Down,It's Not My Time,52,2008
Leona Lewis,Better In Time,53,2008
Soulja Boy Tell'em,Crank That (Soulja Boy),54,2008
Linkin Park,Shadow Of The Day,55,2008
"Wyclef Jean Featuring Akon, Lil Wayne & Niia",Sweetest Girl (Dollar Bill),56,2008
Ne-Yo,Miss Independent,57,2008
Secondhand Serenade,Fall For You,58,2008
Flo Rida Featuring will.i.am,In The Ayer,59,2008
John Mayer,Say,60,2008
Jordin Sparks,One Step At A Time,61,2008
Rihanna Featuring Ne-Yo,Hate That I Love You,62,2008
Lupe Fiasco Featuring Matthew Santos,Superstar,63,2008
J. Holiday,Suffocate,64,2008
Kevin Rudolf Featuring Lil Wayne,Let It Rock,65,2008
David Banner Featuring Chris Brown,Get Like Me,66,2008
Colbie Caillat,Realize,67,2008
Young Jeezy Featuring Kanye West,Put On,68,2008
David Cook,The Time Of My Life,69,2008
"Three 6 Mafia Featuring Project Pat, Young D & Superpower",Lolli Lolli (Pop That Body),70,2008
Baby Bash Featuring T-Pain,Cyclone,71,2008
Natasha Bedingfield Featuring Sean Kingston,Love Like This,72,2008
Jonas Brothers,Burnin' Up,73,2008
Kanye West,Love Lockdown,74,2008
The-Dream,I Luv Your Girl,75,2008
David Archuleta,Crush,76,2008
Plies Featuring Akon,Hypnotized,77,2008
Fergie,Big Girls Don't Cry,78,2008
Kanye West Featuring T-Pain,Good Life,79,2008
Britney Spears,Womanizer,80,2008
Taylor Swift,Love Story,81,2008
Mary J. Blige,Just Fine,82,2008
Britney Spears,Piece Of Me,83,2008
Rick Ross Featuring T-Pain,The Boss,84,2008
Kid Rock,All Summer Long,85,2008
Trey Songz,Can't Help But Wait,86,2008
Gavin DeGraw,In Love With A Girl,87,2008
The Game Featuring Lil Wayne,My Life,88,2008
Keyshia Cole,I Remember,89,2008
Kanye West Featuring Dwele,Flashing Lights,90,2008
Lil Wayne Featuring Bobby Valentino & Kidd Kidd,Mrs. Officer,91,2008
Miley Cyrus,7 Things,92,2008
Trace Adkins,You're Gonna Miss This,93,2008
Gavin Rossdale,Love Remains The Same,94,2008
Daughtry,Feels Like Tonight,95,2008
Timbaland Featuring Keri Hilson,The Way I Are,96,2008
Saving Abel,Addicted,97,2008
Santana Featuring Chad Kroeger,Into The Night,98,2008
Keyshia Cole,Heaven Sent,99,2008
2 Pistols Featuring T-Pain & Tay Dizm,She Got It,100,2008
The Black Eyed Peas,Boom Boom Pow,1,2009
Lady Gaga,Poker Face,2,2009
Lady Gaga Featuring Colby O'Donis,Just Dance,3,2009
The Black Eyed Peas,I Gotta Feeling,4,2009
Taylor Swift,Love Story,5,2009
Flo Rida,Right Round,6,2009
Jason Mraz,I'm Yours,7,2009
Beyonce,Single Ladies (Put A Ring On It),8,2009
Kanye West,Heartless,9,2009
The All-American Rejects,Gives You Hell,10,2009
Taylor Swift,You Belong With Me,11,2009
T.I. Featuring Justin Timberlake,Dead And Gone,12,2009
The Fray,You Found Me,13,2009
Kings Of Leon,Use Somebody,14,2009
Keri Hilson Featuring Kanye West & Ne-Yo,Knock You Down,15,2009
Jamie Foxx Featuring T-Pain,Blame It,16,2009
Pitbull,I Know You Want Me (Calle Ocho),17,2009
T.I. Featuring Rihanna,Live Your Life,18,2009
Soulja Boy Tell 'em Featuring Sammie,Kiss Me Thru The Phone,19,2009
Jay Sean Featuring Lil Wayne,Down,20,2009
Miley Cyrus,The Climb,21,2009
Drake,Best I Ever Had,22,2009
Kelly Clarkson,My Life Would Suck Without You,23,2009
Beyonce,Halo,24,2009
Katy Perry,Hot N Cold,25,2009
Shinedown,Second Chance,26,2009
Britney Spears,Circus,27,2009
Kid Cudi,Day 'N' Nite,28,2009
Miley Cyrus,Party In The U.S.A.,29,2009
3OH!3,Don't Trust Me,30,2009
"Jay-Z, Rihanna & Kanye West",Run This Town,31,2009
Kevin Rudolf Featuring Lil Wayne,Let It Rock,32,2009
Sean Kingston,Fire Burning,33,2009
Jason Derulo,Whatcha Say,34,2009
Lady Gaga,LoveGame,35,2009
Katy Perry,Waking Up In Vegas,36,2009
Jeremih,Birthday Sex,37,2009
P!nk,Sober,38,2009
Britney Spears,Womanizer,39,2009
T.I.,Whatever You Like,40,2009
Mariah Carey,Obsessed,41,2009
Ne-Yo,Mad,42,2009
Cobra Starship Featuring Leighton Meester,Good Girls Go Bad,43,2009
Kanye West,Love Lockdown,44,2009
P!nk,So What,45,2009
Pitbull,Hotel Room Service,46,2009
"Eminem, Dr. Dre & 50 Cent",Crack A Bottle,47,2009
Beyonce,If I Were A Boy,48,2009
Keri Hilson Featuring Lil Wayne,Turnin Me On,49,2009
The Pussycat Dolls,I Hate This Part,50,2009
Nickelback,Gotta Be Somebody,51,2009
P!nk,Please Don't Leave Me,52,2009
Lady Gaga,Paparazzi,53,2009
Akon Featuring Colby O'Donis & Kardinal Offishall,Beautiful,54,2009
Coldplay,Viva La Vida,55,2009
Akon,Right Now (Na Na Na),56,2009
Jordin Sparks,Battlefield,57,2009
Flo Rida Featuring Wynter,Sugar,58,2009
Ne-Yo,Miss Independent,59,2009
Owl City,Fireflies,60,2009
Linkin Park,New Divide,61,2009
Jay-Z + Alicia Keys,Empire State Of Mind,62,2009
Daughtry,No Surprise,63,2009
Shakira,She Wolf,64,2009
Mario Featuring Gucci Mane & Sean Garrett,Break Up,65,2009
Beyonce,Sweet Dreams,66,2009
Young Money,Every Girl,67,2009
Colbie Caillat,Fallin' For You,68,2009
The Veronicas,Untouched,69,2009
Nickelback,If Today Was Your Last Day,70,2009
Fabolous Featuring The-Dream,Throw It In The Bag,71,2009
Boys Like Girls,Love Drunk,72,2009
Asher Roth,I Love College,73,2009
Britney Spears,If U Seek Amy,74,2009
Jason Aldean,Big Green Tractor,75,2009
Taylor Swift,White Horse,76,2009
Rihanna,Disturbia,77,2009
Green Day,21 Guns,78,2009
Soulja Boy Tell'em,Turn My Swag On,79,2009
The-Dream,Rockin' That Thang,80,2009
Zac Brown Band,Chicken Fried,81,2009
Beyonce,Diva,82,2009
Iyaz,Replay,83,2009
Brad Paisley,Then,84,2009
Rob Thomas,Her Diamonds,85,2009
Jesse McCartney Featuring Ludacris,How Do You Sleep?,86,2009
Britney Spears,3,87,2009
"Drake Featuring Kanye West, Lil Wayne & Eminem",Forever,88,2009
Justin Bieber,One Time,89,2009
Lady Antebellum,I Run To You,90,2009
Kelly Clarkson,I Do Not Hook Up,91,2009
John Legend Featuring Andre 3000,Green Light,92,2009
Billy Currington,People Are Crazy,93,2009
Zac Brown Band,Whatever It Is,94,2009
Kelly Clarkson,Already Gone,95,2009
Kristinia DeBarge,Goodbye,96,2009
Michael Franti & Spearhead Featuring Cherine Anderson,Say Hey (I Love You),97,2009
Jim Jones & Ron Browz Featuring Juelz Santana,Pop Champagne,98,2009
Maxwell,Pretty Wings,99,2009
The Fray,Never Say Never,100,2009
Ke$ha,TiK ToK,1,2010
Lady Antebellum,Need You Now,2,2010
Train,"Hey, Soul Sister",3,2010
Katy Perry Featuring Snoop Dogg,California Gurls,4,2010
Usher Featuring will.i.am,OMG,5,2010
B.o.B Featuring Hayley Williams,Airplanes,6,2010
Eminem Featuring Rihanna,Love The Way You Lie,7,2010
Lady Gaga,Bad Romance,8,2010
Taio Cruz,Dynamite,9,2010
Taio Cruz Featuring Ludacris,Break Your Heart,10,2010
B.o.B Featuring Bruno Mars,Nothin' On You,11,2010
Enrique Iglesias Featuring Pitbull,I Like It,12,2010
Young Money Featuring Lloyd,BedRock,13,2010
Jason Derulo,In My Head,14,2010
Rihanna,Rude Boy,15,2010
Lady Gaga Featuring Beyonce,Telephone,16,2010
Katy Perry,Teenage Dream,17,2010
Bruno Mars,Just The Way You Are,18,2010
Mike Posner,Cooler Than Me,19,2010
The Black Eyed Peas,Imma Be,20,2010
Jay-Z + Alicia Keys,Empire State Of Mind,21,2010
Usher Featuring Pitbull,DJ Got Us Fallin' In Love,22,2010
Travie McCoy Featuring Bruno Mars,Billionaire,23,2010
Eminem,Not Afraid,24,2010
Iyaz,Replay,25,2010
David Guetta Featuring Akon,Sexy Chick,26,2010
The Script,Breakeven,27,2010
Ke$ha,Your Love Is My Drug,28,2010
The Black Eyed Peas,I Gotta Feeling,29,2010
Owl City,Fireflies,30,2010
Trey Songz Featuring Fabolous,Say Aah,31,2010
Drake,Find Your Love,32,2010
Lady Gaga,Alejandro,33,2010
Jason Derulo,Ridin' Solo,34,2010
Nelly,Just A Dream,35,2010
Ludacris,How Low,36,2010
Far*East Movement Featuring Cataracs & Dev,Like A G6,37,2010
Timbaland Featuring Justin Timberlake,Carry Out,38,2010
Michael Buble,Haven't Met You Yet,39,2010
Flo Rida Featuring David Guetta,Club Can't Handle Me,40,2010
Jay Sean Featuring Lil Wayne,Down,41,2010
La Roux,Bulletproof,42,2010
Jason Derulo,Whatcha Say,43,2010
Justin Bieber Featuring Ludacris,Baby,44,2010
Adam Lambert,Whataya Want From Me,45,2010
Taylor Swift,Mine,46,2010
Rihanna,Only Girl (In The World),47,2010
Kris Allen,Live Like We're Dying,48,2010
Rihanna Featuring Jeezy,Hard,49,2010
Jay-Z + Mr. Hudson,Young Forever,50,2010
Ke$ha Featuring 3OH!3,Blah Blah Blah,51,2010
Trey Songz Featuring Nicki Minaj,Bottoms Up,52,2010
Jay Sean Featuring Sean Paul & Lil Jon,Do You Remember,53,2010
OneRepublic,All The Right Moves,54,2010
Orianthi,According To You,55,2010
Ludacris Featuring Nicki Minaj,My Chick Bad,56,2010
Taylor Swift,You Belong With Me,57,2010
The Black Eyed Peas,Meet Me Halfway,58,2010
Ke$ha,Take It Off,59,2010
Drake,Over,60,2010
Neon Trees,Animal,61,2010
Maroon 5,Misery,62,2010
B.o.B Featuring Rivers Cuomo,Magic,63,2010
Lady Gaga,Paparazzi,64,2010
New Boyz Featuring Ray J,Tie Me Down,65,2010
Nicki Minaj,Your Love,66,2010
Miley Cyrus,Party In The U.S.A.,67,2010
Chris Brown Featuring Tyga & Kevin McCall,Deuces,68,2010
Britney Spears,3,69,2010
Shontelle,Impossible,70,2010
"Drake Featuring Kanye West, Lil Wayne & Eminem",Forever,71,2010
Boys Like Girls Featuring Taylor Swift,Two Is Better Than One,72,2010
3OH!3 Featuring Ke$ha,My First Kiss,73,2010
Kelly Clarkson,Already Gone,74,2010
The Black Eyed Peas,Rock That Body,75,2010
OneRepublic,Secrets,76,2010
Selena Gomez & The Scene,Naturally,77,2010
Alicia Keys,Un-Thinkable (I'm Ready),78,2010
"DJ Khaled Featuring T-Pain, Ludacris, Snoop Dogg & Rick Ross",All I Do Is Win,79,2010
"Kevin Rudolf Featuring Birdman, Jay Sean, & Lil Wayne",I Made It (Cash Money Heroes),80,2010
Sugarland,Stuck Like Glue,81,2010
Usher Featuring Plies,Hey Daddy (Daddy's Home),82,2010
Usher,There Goes My Baby,83,2010
Taylor Swift,Today Was A Fairytale,84,2010
Timbaland Featuring Drake,Say Something,85,2010
Beyonce,Sweet Dreams,86,2010
Kings Of Leon,Use Somebody,87,2010
Carrie Underwood,Undo It,88,2010
Sean Kingston & Justin Bieber,Eenie Meenie,89,2010
Lil Wayne Featuring Drake,Right Above It,90,2010
Miranda Lambert,The House That Built Me,91,2010
The Band Perry,If I Die Young,92,2010
Paramore,The Only Exception,93,2010
Lady Antebellum,American Honey,94,2010
Sara Bareilles,King Of Anything,95,2010
Daughtry,Life After You,96,2010
Uncle Kracker,Smile,97,2010
Cali Swag District,Teach Me How To Dougie,98,2010
Alicia Keys,Try Sleeping With A Broken Heart,99,2010
Jerrod Niemann,"Lover, Lover",100,2010
Adele,Rolling In The Deep,1,2011
LMFAO Featuring Lauren Bennett & GoonRock,Party Rock Anthem,2,2011
Katy Perry,Firework,3,2011
Katy Perry Featuring Kanye West,E.T.,4,2011
"Pitbull Featuring Ne-Yo, Afrojack & Nayer",Give Me Everything,5,2011
Bruno Mars,Grenade,6,2011
Nicki Minaj,Super Bass,8,2011
Maroon 5 Featuring Christina Aguilera,Moves Like Jagger,9,2011
The Black Eyed Peas,Just Can't Get Enough,10,2011
Jennifer Lopez Featuring Pitbull,On The Floor,11,2011
Rihanna,S&M,12,2011
Foster The People,Pumped Up Kicks,13,2011
Katy Perry,Last Friday Night (T.G.I.F.),14,2011
Bruno Mars,Just The Way You Are,15,2011
Enrique Iglesias Featuring Ludacris & DJ Frank E,Tonight (I'm Lovin' You),16,2011
P!nk,Raise Your Glass,17,2011
Lady Gaga,Born This Way,18,2011
P!nk,F**kin' Perfect,19,2011
Rihanna Featuring Drake,What's My Name?,20,2011
Chris Brown Featuring Lil Wayne & Busta Rhymes,Look At Me Now,21,2011
Jeremih Featuring 50 Cent,Down On Me,22,2011
Lil Wayne,How To Love,23,2011
Adele,Someone Like You,24,2011
OneRepublic,The Good Life,25,2011
Bruno Mars,The Lazy Song,26,2011
Britney Spears,Till The World Ends,27,2011
Lupe Fiasco,The Show Goes On,28,2011
Lady Gaga,The Edge Of Glory,29,2011
Ke$ha,We R Who We R,30,2011
Wiz Khalifa,Black And Yellow,31,2011
Hot Chelle Rae,Tonight Tonight,32,2011
Ke$ha,Blow,33,2011
Bad Meets Evil Featuring Bruno Mars,Lighters,34,2011
The Band Perry,If I Die Young,35,2011
Gym Class Heroes Featuring Adam Levine,Stereo Hearts,36,2011
The Black Eyed Peas,The Time (Dirty Bit),37,2011
Diddy - Dirty Money Featuring Skylar Grey,Coming Home,38,2011
Pitbull Featuring T-Pain,Hey Baby (Drop It To The Floor),39,2011
Rihanna,Only Girl (In The World),40,2011
Lil Wayne Featuring Cory Gunz,6 Foot 7 Foot,41,2011
Lady Antebellum,Just A Kiss,42,2011
Jason Aldean,Dirt Road Anthem,43,2011
Taio Cruz,Dynamite,44,2011
Waka Flocka Flame Featuring Roscoe Dash & Wale,No Hands,45,2011
Britney Spears,I Wanna Go,46,2011
"DJ Khaled Featuring Drake, Rick Ross & Lil Wayne",I'm On One,47,2011
Cobra Starship Featuring Sabi,You Make Me Feel...,48,2011
Chris Brown,Yeah 3X,49,2011
Nicki Minaj Featuring Drake,Moment 4 Life,50,2011
Dr. Dre Featuring Eminem & Skylar Grey,I Need A Doctor,51,2011
Nelly,Just A Dream,52,2011
Kelly Rowland Featuring Lil Wayne,Motivation,53,2011
Edward Maya & Vika Jigulina,Stereo Love,54,2011
Christina Perri,Jar Of Hearts,55,2011
Wiz Khalifa,Roll Up,56,2011
LMFAO,Sexy And I Know It,57,2011
Far*East Movement Featuring Ryan Tedder,Rocketeer,58,2011
Kanye West,All Of The Lights,59,2011
Britney Spears,Hold It Against Me,60,2011
Usher,More,61,2011
Avril Lavigne,What The Hell,62,2011
Tinie Tempah Featuring Eric Turner,Written In The Stars,63,2011
Trey Songz Featuring Nicki Minaj,Bottoms Up,64,2011
Usher Featuring Pitbull,DJ Got Us Fallin' In Love,65,2011
The Script,For The First Time,66,2011
Blake Shelton,Honey Bee,67,2011
Jason Aldean With Kelly Clarkson,Don't You Wanna Stay,68,2011
Rihanna Featuring Calvin Harris,We Found Love,69,2011
Keri Hilson,Pretty Girl Rock,70,2011
Lady Gaga,You And I,71,2011
Far*East Movement Featuring Cataracs & Dev,Like A G6,72,2011
David Guetta Featuring Usher,Without You,73,2011
Taylor Swift,Back To December,74,2011
Katy Perry,Teenage Dream,75,2011
Eli Young Band,Crazy Girl,76,2011
Rihanna,Cheers (Drink To That),77,2011
Selena Gomez & The Scene,Who Says,78,2011
Jake Owen,Barefoot Blue Jean Night,79,2011
Zac Brown Band Featuring Jimmy Buffett,Knee Deep,80,2011
Luke Bryan,Country Girl (Shake It For Me),81,2011
Brad Paisley Duet With Carrie Underwood,Remind Me,82,2011
Dev,In The Dark,83,2011
New Boyz Featuring The Cataracs & Dev,Backseat,84,2011
Drake,Headlines,85,2011
Beyonce,Best Thing I Never Had,86,2011
Jason Derulo,Don't Wanna Go Home,87,2011
David Guetta Featuring Flo Rida & Nicki Minaj,Where Them Girls At,88,2011
Chris Brown,She Ain't You,89,2011
Rodney Atkins,Take A Back Road,90,2011
Mike Posner,Please Don't Go,91,2011
Miguel,Sure Thing,92,2011
Jessie J Featuring B.o.B,Price Tag,93,2011
Blake Shelton,God Gave Me You,94,2011
Lil Wayne Featuring Drake,She Will,95,2011
Thompson Square,Are You Gonna Kiss Me Or Not,96,2011
Neon Trees,Animal,97,2011
Kenny Chesney Featuring Grace Potter,You And Tequila,98,2011
Zac Brown Band,Colder Weather,99,2011
Big Sean Featuring Chris Brown,My Last,100,2011
Gotye Featuring Kimbra,Somebody That I Used To Know,1,2012
Carly Rae Jepsen,Call Me Maybe,2,2012
fun. Featuring Janelle Monae,We Are Young,3,2012
Maroon 5 Featuring Wiz Khalifa,Payphone,4,2012
Ellie Goulding,Lights,5,2012
The Wanted,Glad You Came,6,2012
Kelly Clarkson,Stronger (What Doesn't Kill You),7,2012
Rihanna Featuring Calvin Harris,We Found Love,8,2012
Nicki Minaj,Starships,9,2012
One Direction,What Makes You Beautiful,10,2012
Flo Rida Featuring Sia,Wild Ones,11,2012
Adele,Set Fire To The Rain,12,2012
LMFAO,Sexy And I Know It,13,2012
fun.,Some Nights,14,2012
Katy Perry,Wide Awake,15,2012
Flo Rida,Good Feeling,16,2012
Flo Rida,Whistle,17,2012
Maroon 5,One More Night,18,2012
Train,Drive By,19,2012
Drake Featuring Lil Wayne,The Motto,20,2012
Rihanna,Where Have You Been,21,2012
Neon Trees,Everybody Talks,22,2012
Drake Featuring Rihanna,Take Care,23,2012
David Guetta Featuring Sia,Titanium,24,2012
Jason Mraz,I Won't Give Up,25,2012
Bruno Mars,It Will Rain,26,2012
"Kanye West, Big Sean, Pusha T, 2 Chainz",Mercy,27,2012
Justin Bieber,Boyfriend,28,2012
LMFAO Featuring Lauren Bennett & GoonRock,Party Rock Anthem,29,2012
Alex Clare,Too Close,30,2012
Katy Perry,Part Of Me,31,2012
Snoop Dogg & Wiz Khalifa Featuring Bruno Mars,"Young, Wild & Free",32,2012
Taylor Swift,We Are Never Ever Getting Back Together,33,2012
Justin Bieber Featuring Big Sean,As Long As You Love Me,34,2012
David Guetta Featuring Nicki Minaj,Turn Me On,35,2012
Maroon 5 Featuring Christina Aguilera,Moves Like Jagger,36,2012
P!nk,Blow Me (One Last Kiss),37,2012
Owl City & Carly Rae Jepsen,Good Time,38,2012
Demi Lovato,Give Your Heart A Break,39,2012
Jay Z Kanye West,Ni**as in Paris,40,2012
Katy Perry,The One That Got Away,41,2012
Calvin Harris,Feel So Close,42,2012
Adele,Someone Like You,43,2012
Usher,Scream,44,2012
Tyga,Rack City,45,2012
Jessie J,Domino,46,2012
PSY,Gangnam Style,47,2012
Pitbull Featuring Chris Brown,International Love,48,2012
Phillip Phillips,Home,49,2012
David Guetta Featuring Usher,Without You,50,2012
Gym Class Heroes Featuring Neon Hitch,Ass Back Home,51,2012
Hunter Hayes,Wanted,52,2012
Luke Bryan,Drunk On You,53,2012
2 Chainz Featuring Drake,No Lie,54,2012
Cher Lloyd,Want U Back,55,2012
Chris Brown,Don't Wake Me Up,56,2012
Big Sean Featuring Nicki Minaj,Dance (A$$),57,2012
Eric Church,Springsteen,58,2012
Karmin,Brokenhearted,59,2012
Gavin DeGraw,Not Over You,60,2012
Gym Class Heroes Featuring Adam Levine,Stereo Hearts,61,2012
Pitbull,Back In Time,62,2012
J. Cole,Work Out,63,2012
Adele,Rumour Has It,64,2012
Calvin Harris Featuring Ne-Yo,Let's Go,65,2012
Carrie Underwood,Good Girl,66,2012
Little Big Town,Pontoon,67,2012
The Lumineers,Ho Hey,68,2012
Coldplay,Paradise,69,2012
Carrie Underwood,Blown Away,70,2012
Adele,Rolling In The Deep,71,2012
Usher,Climax,72,2012
Wiz Khalifa,"Work Hard, Play Hard",73,2012
Ne-Yo,Let Me Love You (Until You Learn To Love Yourself),74,2012
Nicki Minaj,Pound The Alarm,75,2012
Kenny Chesney,Come Over,76,2012
Trey Songz,Heart Attack,77,2012
Kirko Bangz,Drank In My Cup,78,2012
Rihanna Featuring Chris Brown,Birthday Cake,79,2012
B.o.B,So Good,80,2012
Train,50 Ways To Say Goodbye,81,2012
Toby Keith,Red Solo Cup,82,2012
Selena Gomez & The Scene,Love You Like A Love Song,83,2012
Chris Brown,Turn Up The Music,84,2012
Ke$ha,Die Young,85,2012
T-Pain Featuring Wiz Khalifa & Lily Allen,5 O'Clock,86,2012
Christina Perri,A Thousand Years,87,2012
Jason Aldean,Take A Little Ride,88,2012
Rihanna,You Da One,89,2012
Havana Brown Featuring Pitbull,We Run The Night,90,2012
Imagine Dragons,It's Time,91,2012
Ca$h Out,Cashin' Out,92,2012
Luke Bryan,I Don't Want This Night To End,93,2012
Rihanna,Diamonds,94,2012
Lee Brice,Hard To Love,95,2012
Kip Moore,Somethin' 'Bout A Truck,96,2012
Miguel,Adorn,97,2012
Jason Aldean,Fly Over States,98,2012
Eli Young Band,Even If It Breaks Your Heart,99,2012
Linkin Park,Burn It Down,100,2012
Macklemore & Ryan Lewis Featuring Wanz,Thrift Shop,1,2013
Robin Thicke Featuring T.I. + Pharrell,Blurred Lines,2,2013
Imagine Dragons,Radioactive,3,2013
Baauer,Harlem Shake,4,2013
Macklemore & Ryan Lewis Featuring Ray Dalton,Can't Hold Us,5,2013
Justin Timberlake,Mirrors,6,2013
P!nk Featuring Nate Ruess,Just Give Me A Reason,7,2013
Bruno Mars,When I Was Your Man,8,2013
Florida Georgia Line Featuring Nelly,Cruise,9,2013
Katy Perry,Roar,10,2013
Bruno Mars,Locked Out Of Heaven,11,2013
The Lumineers,Ho Hey,12,2013
Rihanna Featuring Mikky Ekko,Stay,13,2013
Daft Punk Featuring Pharrell Williams,Get Lucky,14,2013
Lorde,Royals,15,2013
Taylor Swift,I Knew You Were Trouble.,16,2013
Miley Cyrus,We Can't Stop,17,2013
Miley Cyrus,Wrecking Ball,18,2013
Avicii,Wake Me Up!,19,2013
Justin Timberlake Featuring JAY Z,Suit & Tie,20,2013
Anna Kendrick,Cups (Pitch Perfect's When I'm Gone),21,2013
Jay Z Featuring Justin Timberlake,Holy Grail,22,2013
will.i.am & Britney Spears,Scream & Shout,23,2013
Zedd Featuring Foxes,Clarity,24,2013
AWOLNATION,Sail,25,2013
Swedish House Mafia Featuring John Martin,Don't You Worry Child,26,2013
Rihanna,Diamonds,27,2013
Icona Pop Featuring Charli XCX,I Love It,28,2013
Capital Cities,Safe And Sound,29,2013
Bruno Mars,Treasure,30,2013
Ariana Grande Featuring Mac Miller,The Way,31,2013
Drake,Started From The Bottom,32,2013
Selena Gomez,Come & Get It,33,2013
Drake Featuring Majid Jordan,"Hold On, We're Going Home",34,2013
Maroon 5,Daylight,35,2013
Pitbull Featuring Christina Aguilera,Feel This Moment,36,2013
Lady Gaga,Applause,37,2013
Maroon 5,One More Night,38,2013
Lil Wayne Featuring Drake & Future,Love Me,39,2013
Fall Out Boy,My Songs Know What You Did In The Dark (Light Em Up),40,2013
"A$AP Rocky Featuring Drake, 2 Chainz & Kendrick Lamar",F**kin Problems,41,2013
Justin Bieber Featuring Nicki Minaj,Beauty And A Beat,42,2013
Macklemore & Ryan Lewis Featuring Mary Lambert,Same Love,43,2013
Calvin Harris Featuring Florence Welch,Sweet Nothing,44,2013
Lana Del Rey vs. Cedric Gervais,Summertime Sadness,45,2013
Phillip Phillips,Home,46,2013
Imagine Dragons,It's Time,47,2013
J. Cole Featuring Miguel,Power Trip,48,2013
Alicia Keys Featuring Nicki Minaj,Girl On Fire,49,2013
Demi Lovato,Heart Attack,50,2013
Maroon 5,Love Somebody,51,2013
Mumford & Sons,I Will Wait,52,2013
P!nk,Try,53,2013
Darius Rucker,Wagon Wheel,54,2013
PSY,Gangnam Style,55,2013
Calvin Harris Featuring Ellie Goulding,I Need Your Love,56,2013
Ke$ha,Die Young,57,2013
fun.,Some Nights,58,2013
Wale Featuring Tiara Thomas Or Rihanna,Bad,59,2013
Blake Shelton Featuring Pistol Annies & Friends,Boys 'round Here,60,2013
Phillip Phillips,"Gone, Gone, Gone",61,2013
Imagine Dragons,Demons,62,2013
OneRepublic,Counting Stars,63,2013
Flo Rida,I Cry,64,2013
Of Monsters And Men,Little Talks,65,2013
Jason Derulo,The Other Side,66,2013
Eminem,Berzerk,67,2013
Kelly Clarkson,Catch My Breath,68,2013
Luke Bryan,Crash My Party,69,2013
Rihanna,Pour It Up,70,2013
Taylor Swift,22,71,2013
Hunter Hayes,I Want Crazy,72,2013
Ylvis,The Fox,73,2013
One Direction,Best Song Ever,74,2013
Ed Sheeran,The A Team,75,2013
fun.,Carry On,76,2013
Tim McGraw With Taylor Swift,Highway Don't Care,77,2013
Luke Bryan,That's My Kind Of Night,78,2013
Kendrick Lamar,Swimming Pools (Drank),79,2013
Blake Shelton,Sure Be Cool If You Did,80,2013
Mariah Carey Featuring Miguel,#Beautiful,81,2013
Olly Murs Featuring Flo Rida,Troublemaker,82,2013
Ciara,Body Party,83,2013
Miguel,Adorn,84,2013
The Script Featuring will.i.am,Hall Of Fame,85,2013
Ne-Yo,Let Me Love You (Until You Learn To Love Yourself),86,2013
Rocko Featuring Future & Rick Ross,U.O.E.N.O.,87,2013
Emeli Sande,Next To Me,88,2013
Miranda Lambert,Mama's Broken Heart,89,2013
Thomas Rhett,It Goes Like This,90,2013
Ace Hood Featuring Future & Rick Ross,Bugatti,91,2013
Hunter Hayes,Wanted,92,2013
Lady Antebellum,Downtown,93,2013
Florida Georgia Line,Get Your Shine On,94,2013
will.i.am Featuring Justin Bieber,#thatPOWER,95,2013
Sara Bareilles,Brave,96,2013
Passenger,Let Her Go,97,2013
Randy Houser,Runnin' Outta Moonlight,98,2013
2 Chainz,I'm Different,99,2013
Paramore,Still Into You,100,2013
Pharrell Williams,Happy,1,2014
Katy Perry Featuring Juicy J,Dark Horse,2,2014
John Legend,All Of Me,3,2014
Iggy Azalea Featuring Charli XCX,Fancy,4,2014
OneRepublic,Counting Stars,5,2014
Jason Derulo Featuring 2 Chainz,Talk Dirty,6,2014
MAGIC!,Rude,7,2014
Meghan Trainor,All About That Bass,8,2014
Ariana Grande Featuring Iggy Azalea,Problem,9,2014
Sam Smith,Stay With Me,10,2014
Pitbull Featuring Ke$ha,Timber,11,2014
Bastille,Pompeii,12,2014
Taylor Swift,Shake It Off,13,2014
Nico & Vinz,Am I Wrong,14,2014
DJ Snake & Lil Jon,Turn Down For What,15,2014
Eminem Featuring Rihanna,The Monster,16,2014
A Great Big World & Christina Aguilera,Say Something,17,2014
Lorde,Team,18,2014
Passenger,Let Her Go,19,2014
Lorde,Royals,20,2014
Idina Menzel,Let It Go,21,2014
Avicii,Wake Me Up!,22,2014
Imagine Dragons,Demons,23,2014
One Direction,Story Of My Life,24,2014
Sia,Chandelier,25,2014
Iggy Azalea Featuring Rita Ora,Black Widow,26,2014
"Jessie J, Ariana Grande & Nicki Minaj",Bang Bang,27,2014
Disclosure Featuring Sam Smith,Latch,28,2014
Maroon 5,Maps,29,2014
Chris Brown Featuring Lil Wayne & French Montana Or Too $hort Or Tyga,Loyal,30,2014
American Authors,Best Day Of My Life,31,2014
Tove Lo,Habits (Stay High),32,2014
Calvin Harris,Summer,33,2014
Charli XCX,Boom Clap,34,2014
Beyonce Featuring Jay Z,Drunk In Love,35,2014
Nicki Minaj,Anaconda,36,2014
Ariana Grande Featuring Zedd,Break Free,37,2014
Enrique Iglesias Featuring Descemer Bueno & Gente de Zona,Bailando,38,2014
Ellie Goulding,Burn,39,2014
Jason Derulo Featuring Snoop Dogg,Wiggle,40,2014
Clean Bandit Featuring Jess Glynne,Rather Be,41,2014
Jeremih Featuring YG,Don't Tell 'Em,42,2014
Kid Ink Featuring Chris Brown,Show Me,43,2014
Miley Cyrus,Wrecking Ball,44,2014
Justin Timberlake,Not A Bad Thing,45,2014
Katy Perry,Roar,46,2014
Paramore,Ain't It Fun,47,2014
Aloe Blacc,The Man,48,2014
Florida Georgia Line Featuring Luke Bryan,This Is How We Roll,49,2014
MKTO,Classic,50,2014
Coldplay,A Sky Full Of Stars,51,2014
Ed Sheeran,Don't,52,2014
Trey Songz,Na Na,53,2014
Bobby Shmurda,Hot Boy,54,2014
Drake Featuring Majid Jordan,"Hold On, We're Going Home",55,2014
Ed Sheeran,Sing,56,2014
Imagine Dragons,Radioactive,57,2014
YG Featuring Jeezy & Rich Homie Quan,My Hitta,58,2014
Echosmith,Cool Kids,59,2014
Avicii,Hey Brother,60,2014
Jason Derulo,Trumpets,61,2014
Maroon 5,Animals,62,2014
Jason Aldean,Burnin' It Down,63,2014
Luke Bryan,Play It Again,64,2014
Tinashe Featuring ScHoolboy Q,2 On,65,2014
Florida Georgia Line,Dirt,66,2014
OneRepublic,Love Runs Out,67,2014
Brantley Gilbert,Bottoms Up,68,2014
Becky G,Shower,69,2014
Rixton,Me And My Broken Heart,70,2014
Martin Garrix,Animals,71,2014
Rich Gang Featuring Young Thug & Rich Homie Quan,Lifestyle,72,2014
Kenny Chesney,American Kids,73,2014
Sara Bareilles,Brave,74,2014
The Neighbourhood,Sweater Weather,75,2014
Sam Hunt,Leave The Night On,76,2014
Chris Brown Featuring Usher & Rick Ross,New Flame,77,2014
Michael Jackson & Justin Timberlake,Love Never Felt So Good,78,2014
Dierks Bentley,Drunk On A Plane,79,2014
Katy Perry,Birthday,80,2014
Lady Antebellum,Bartender,81,2014
Naughty Boy Featuring Sam Smith,La La La,82,2014
Robin Thicke Featuring T.I. + Pharrell,Blurred Lines,83,2014
Lady Gaga Featuring R. Kelly,Do What U Want,84,2014
Shakira Featuring Rihanna,Can't Remember To Forget You,85,2014
5 Seconds Of Summer,Amnesia,86,2014
T.I. Featuring Iggy Azalea,No Mediocre,87,2014
KONGOS,Come With Me Now,88,2014
Lil Wayne Featuring Drake,Believe Me,89,2014
"Mike WiLL Made-It Featuring Miley Cyrus, Wiz Khalifa & Juicy J",23,90,2014
Jake Owen,Beachin',91,2014
Macklemore & Ryan Lewis Featuring ScHoolboy Q & Hollis,White Walls,92,2014
5 Seconds Of Summer,She Looks So Perfect,93,2014
Zedd Featuring Hayley Williams,Stay The Night,94,2014
Beyonce,Partition,95,2014
ScHoolboy Q Featuring BJ The Chicago Kid,Studio,96,2014
Drake,0 To 100 / The Catch Up,97,2014
Lee Brice,I Don't Dance,98,2014
Miranda Lambert Duet With Carrie Underwood,Somethin' Bad,99,2014
Miley Cyrus,Adore You,100,2014
Mark Ronson Featuring Bruno Mars,Uptown Funk!,1,2015
Ed Sheeran,Thinking Out Loud,2,2015
Wiz Khalifa Featuring Charlie Puth,See You Again,3,2015
Fetty Wap,Trap Queen,4,2015
Maroon 5,Sugar,5,2015
WALK THE MOON,Shut Up And Dance,6,2015
Taylor Swift,Blank Space,7,2015
Silento,Watch Me,8,2015
The Weeknd,Earned It (Fifty Shades Of Grey),9,2015
The Weeknd,The Hills,10,2015
OMI,Cheerleader,11,2015
The Weeknd,Can't Feel My Face,12,2015
Ellie Goulding,Love Me Like You Do,13,2015
Hozier,Take Me To Church,14,2015
Taylor Swift Featuring Kendrick Lamar,Bad Blood,15,2015
Major Lazer & DJ Snake Featuring MO,Lean On,16,2015
Jason Derulo,Want To Want Me,17,2015
Taylor Swift,Shake It Off,18,2015
Skrillex & Diplo With Justin Bieber,Where Are U Now,19,2015
Rachel Platten,Fight Song,20,2015
Fetty Wap Featuring Remy Boyz,679,21,2015
Meghan Trainor,Lips Are Movin,22,2015
Fifth Harmony Featuring Kid Ink,Worth It,23,2015
Omarion Featuring Chris Brown & Jhene Aiko,Post To Be,24,2015
Andy Grammer,"Honey, I'm Good.",25,2015
Sam Smith,I'm Not The Only One,26,2015
Selena Gomez Featuring A$AP Rocky,Good For You,27,2015
Meghan Trainor,All About That Bass,28,2015
Taylor Swift,Style,29,2015
Drake,Hotline Bling,30,2015
"David Guetta Featuring Nicki Minaj, Bebe Rexha & Afrojack",Hey Mama,31,2015
Flo Rida Featuring Sage The Gemini & Lookas,G.D.F.R.,32,2015
Justin Bieber,What Do You Mean?,33,2015
Ed Sheeran,Photograph,34,2015
Adele,Hello,35,2015
Shawn Mendes,Stitches,36,2015
Tove Lo,Talking Body,37,2015
Nick Jonas,Jealous,38,2015
Pitbull & Ne-Yo,Time Of Our Lives,39,2015
R. City Featuring Adam Levine,Locked Away,40,2015
Natalie La Rose Featuring Jeremih,Somebody,41,2015
Rihanna & Kanye West & Paul McCartney,FourFiveSeconds,42,2015
Fall Out Boy,Centuries,43,2015
Fetty Wap Featuring Monty,My Way,44,2015
Sam Hunt,Take Your Time,45,2015
Maroon 5,Animals,46,2015
Big Sean Featuring E-40,I Don't F**k With You,47,2015
Rihanna,B**** Better Have My Money,48,2015
Rich Homie Quan,Flex (Ooh Ooh Ooh),49,2015
T-Wayne,Nasty Freestyle,50,2015
"Nicki Minaj Featuring Drake, Lil Wayne & Chris Brown",Only,51,2015
Sia,Elastic Heart,52,2015
Demi Lovato,Cool For The Summer,53,2015
X Ambassadors,Renegades,54,2015
Usher Featuring Juicy J,I Don't Mind,55,2015
Ariana Grande & The Weeknd,Love Me Harder,56,2015
Taylor Swift,Wildest Dreams,57,2015
Sam Smith,Stay With Me,58,2015
DJ Snake & AlunaGeorge,You Know You Like It,59,2015
Fall Out Boy,Uma Thurman,60,2015
Beyonce,7/11,61,2015
Selena Gomez,The Heart Wants What It Wants,62,2015
Little Big Town,Girl Crush,63,2015
Trey Songz,Slow Motion,64,2015
One Direction,Drag Me Down,65,2015
Nicki Minaj Featuring Drake & Lil Wayne,Truffle Butter,66,2015
Ariana Grande,One Last Time,67,2015
Nick Jonas,Chains,68,2015
Meek Mill Featuring Chris Brown & Nicki Minaj,All Eyes On You,69,2015
Rae Sremmurd,No Type,70,2015
Vance Joy,Riptide,71,2015
Jidenna Featuring Roman GianArthur,Classic Man,72,2015
Elle King,Ex's & Oh's,73,2015
Meghan Trainor,Dear Future Husband,74,2015
Charlie Puth Featuring Meghan Trainor,Marvin Gaye,75,2015
Meghan Trainor Featuring John Legend,Like I'm Gonna Lose You,76,2015
Tove Lo,Habits (Stay High),77,2015
James Newton Howard Featuring Jennifer Lawrence,The Hanging Tree,78,2015
O.T. Genasis,CoCo,79,2015
"Jessie J, Ariana Grande & Nicki Minaj",Bang Bang,80,2015
Sam Smith,Lay Me Down,81,2015
I LOVE MAKONNEN Featuring Drake,Tuesday,82,2015
iLoveMemphis,Hit The Quan,83,2015
"Macklemore & Ryan Lewis Featuring Eric Nally, Melle Mel, Kool Moe Dee & Grandmaster Caz",Downtown,84,2015
Sam Hunt,House Party,85,2015
Chris Brown & Tyga,Ayo,86,2015
Luke Bryan,Kick The Dust Up,87,2015
Big Sean Featuring Drake,Blessings,88,2015
George Ezra,Budapest,89,2015
Sia,Chandelier,90,2015
Kelly Clarkson,Heartbeat Song,91,2015
Ed Sheeran,Don't,92,2015
Ella Henderson,Ghost,93,2015
Alessia Cara,Here,94,2015
Mr. Probz,Waves,95,2015
Nicky Jam & Enrique Iglesias,El Perdon (Forgiveness),96,2015
Ne-Yo Featuring Juicy J,She Knows,97,2015
One Direction,Night Changes,98,2015
Drake,Back To Back,99,2015
Calvin Harris & Disciples,How Deep Is Your Love,100,2015
Justin Bieber,Love Yourself,1,2016
Justin Bieber,Sorry,2,2016
Drake Featuring WizKid & Kyla,One Dance,3,2016
Rihanna Featuring Drake,Work,4,2016
twenty one pilots,Stressed Out,5,2016
Desiigner,Panda,6,2016
Adele,Hello,7,2016
The Chainsmokers Featuring Daya,Don't Let Me Down,8,2016
Justin Timberlake,Can't Stop The Feeling!,9,2016
The Chainsmokers Featuring Halsey,Closer,10,2016
Sia Featuring Sean Paul,Cheap Thrills,11,2016
Lukas Graham,7 Years,12,2016
Rihanna,Needed Me,13,2016
Flo Rida,My House,14,2016
Mike Posner,I Took A Pill In Ibiza,15,2016
Fifth Harmony Featuring Ty Dolla $ign,Work From Home,16,2016
Calvin Harris Featuring Rihanna,This Is What You Came For,17,2016
DNCE,Cake By The Ocean,18,2016
G-Eazy x Bebe Rexha,"Me, Myself & I",19,2016
twenty one pilots,Ride,20,2016
twenty one pilots,Heathens,21,2016
Zayn,Pillowtalk,22,2016
Shawn Mendes,Stitches,23,2016
Drake,Hotline Bling,24,2016
Major Lazer Featuring Justin Bieber & MO,Cold Water,25,2016
Adele,Send My Love (To Your New Lover),26,2016
The Chainsmokers Featuring Rozes,Roses,27,2016
Shawn Mendes,Treat You Better,28,2016
Drake Featuring Rihanna,Too Good,29,2016
Future Featuring The Weeknd,Low Life,30,2016
Justin Bieber,What Do You Mean?,31,2016
The Weeknd,The Hills,32,2016
P!nk,Just Like Fire,33,2016
D.R.A.M. Featuring Lil Yachty,Broccoli,34,2016
Bryson Tiller,Don't,35,2016
Ariana Grande,Dangerous Woman,36,2016
Drake & Future,Jumpman,37,2016
gnash Featuring Olivia O'Brien,I Hate U I Love U,38,2016
Alessia Cara,Here,39,2016
Selena Gomez,Same Old Love,40,2016
Drake,Controlla,41,2016
Meghan Trainor Featuring John Legend,Like I'm Gonna Lose You,42,2016
Charlie Puth,One Call Away,43,2016
James Bay,Let It Go,44,2016
Meghan Trainor,No,45,2016
Zara Larsson & MNEK,Never Forget You,46,2016
DJ Snake Featuring Justin Bieber,Let Me Love You,47,2016
Kent Jones,Don't Mind,48,2016
Florida Georgia Line,H.O.L.Y.,49,2016
Charlie Puth Featuring Selena Gomez,We Don't Talk Anymore,50,2016
Ariana Grande,Into You,51,2016
Kiiara,Gold,52,2016
Bryson Tiller,Exchange,53,2016
Fetty Wap Featuring Remy Boyz,679,54,2016
Jeremih,Oui,55,2016
Selena Gomez,Hands To Myself,56,2016
Kevin Gates,2 Phones,57,2016
The Weeknd Featuring Daft Punk,Starboy,58,2016
DJ Khaled Featuring Drake,For Free,59,2016
Flume Featuring Kai,Never Be Like You,60,2016
The Weeknd,In The Night,61,2016
Meghan Trainor,Me Too,62,2016
Elle King,Ex's & Oh's,63,2016
Thomas Rhett,Die A Happy Man,64,2016
Post Malone,White Iverson,65,2016
Nick Jonas Featuring Tove Lo,Close,66,2016
X Ambassadors,Unsteady,67,2016
"Lil Wayne, Wiz Khalifa & Imagine Dragons With Logic & Ty Dolla $ign Feat. X Ambassadors",Sucker For Pain,68,2016
Yo Gotti Featuring Nicki Minaj,Down In The DM,69,2016
Tory Lanez,Luv,70,2016
Beyonce,Sorry,71,2016
The Weeknd,Can't Feel My Face,72,2016
Coldplay,Hymn For The Weekend,73,2016
Tory Lanez,Say It,74,2016
Travis Scott,Antidote,75,2016
Ruth B,Lost Boy,76,2016
Ariana Grande Featuring Nicki Minaj,Side To Side,77,2016
Daya,"Sit Still, Look Pretty",78,2016
Taylor Swift,Wildest Dreams,79,2016
DJ Snake Featuring Bipolar Sunshine,Middle,80,2016
Ellie Goulding,On My Mind,81,2016
Drake Featuring The Throne,Pop Style,82,2016
Adele,When We Were Young,83,2016
Daya,Hide Away,84,2016
Major Lazer & DJ Snake Featuring MO,Lean On,85,2016
Shawn Mendes & Camila Cabello,I Know What You Did Last Summer,86,2016
Silento,Watch Me,88,2016
Chris Brown,Back To Sleep,89,2016
Usher Featuring Young Thug,No Limit,90,2016
O.T. Genasis Featuring Young Dolph,Cut It,91,2016
Kevin Gates,Really Really,92,2016
Fifth Harmony Featuring Fetty Wap,All In My Head (Flex),93,2016
Hailee Steinfeld & Grey Featuring Zedd,Starving,94,2016
Coldplay,Adventure Of A Lifetime,95,2016
Tim McGraw,Humble And Kind,96,2016
Future,Wicked,97,2016
Desiigner,Tiimmy Turner,98,2016
Wiz Khalifa Featuring Charlie Puth,See You Again,99,2016
One Direction,Perfect,100,2016
Ed Sheeran,Shape Of You,1,2017
Luis Fonsi & Daddy Yankee Featuring Justin Bieber,Despacito,2,2017
Bruno Mars,That's What I Like,3,2017
Kendrick Lamar,Humble.,4,2017
The Chainsmokers & Coldplay,Something Just Like This,5,2017
Migos Featuring Lil Uzi Vert,Bad And Boujee,6,2017
The Chainsmokers Featuring Halsey,Closer,7,2017
Sam Hunt,Body Like A Back Road,8,2017
Imagine Dragons,Believer,9,2017
Post Malone Featuring Quavo,Congratulations,10,2017
James Arthur,Say You Won't Let Go,11,2017
"DJ Khaled Featuring Justin Bieber, Quavo, Chance The Rapper & Lil Wayne",I'm The One,12,2017
Lil Uzi Vert,XO TOUR Llif3,13,2017
Future,Mask Off,14,2017
French Montana Featuring Swae Lee,Unforgettable,15,2017
Bruno Mars,24K Magic,16,2017
Zedd & Alessia Cara,Stay,17,2017
DJ Khaled Featuring Rihanna & Bryson Tiller,Wild Thoughts,18,2017
Rae Sremmurd Featuring Gucci Mane,Black Beatles,19,2017
The Weeknd Featuring Daft Punk,Starboy,20,2017
Khalid,Location,21,2017
Charlie Puth,Attention,22,2017
Shawn Mendes,There's Nothing Holdin' Me Back,23,2017
Cardi B,Bodak Yellow (Money Moves),24,2017
Childish Gambino,Redbone,25,2017
Zayn / Taylor Swift,I Don't Wanna Live Forever (Fifty Shades Darker),26,2017
Kygo x Selena Gomez,It Ain't Me,27,2017
KYLE Featuring Lil Yachty,iSpy,28,2017
Julia Michaels,Issues,29,2017
Alessia Cara,Scars To Your Beautiful,30,2017
Logic Featuring Alessia Cara & Khalid,1-800-273-8255,31,2017
Niall Horan,Slow Hands,32,2017
Rihanna,Love On The Brain,33,2017
The Weeknd Featuring Daft Punk,I Feel It Coming,34,2017
Big Sean,Bounce Back,35,2017
Liam Payne Featuring Quavo,Strip That Down,36,2017
Drake,Fake Love,37,2017
Maroon 5 Featuring Kendrick Lamar,Don't Wanna Know,38,2017
Taylor Swift,Look What You Made Me Do,39,2017
Ed Sheeran,Castle On The Hill,40,2017
Machine Gun Kelly x Camila Cabello,Bad Things,41,2017
The Chainsmokers,Paris,42,2017
Ariana Grande Featuring Nicki Minaj,Side To Side,43,2017
Clean Bandit Featuring Sean Paul & Anne-Marie,Rockabye,44,2017
Portugal. The Man,Feel It Still,45,2017
DJ Snake Featuring Justin Bieber,Let Me Love You,46,2017
Demi Lovato,Sorry Not Sorry,47,2017
21 Savage,Bank Account,48,2017
Justin Timberlake,Can't Stop The Feeling!,49,2017
J Balvin & Willy William Featuring Beyonce,Mi Gente,50,2017
Imagine Dragons,Thunder,51,2017
Migos,T-Shirt,52,2017
Yo Gotti Featuring Nicki Minaj,Rake It Up,53,2017
Shawn Mendes,Mercy,54,2017
Kodak Black,Tunnel Vision,55,2017
Post Malone Featuring 21 Savage,Rockstar,56,2017
Brett Young,In Case You Didn't Know,57,2017
twenty one pilots,Heathens,58,2017
Halsey,Now Or Never,59,2017
Amine,Caroline,60,2017
Ayo & Teo,Rolex,61,2017
Kendrick Lamar,DNA.,62,2017
Zay Hilfigerrr & Zayion McCall,Juju On That Beat (TZ Anthem),63,2017
Rae Sremmurd,Swang,64,2017
Drake,Passionfruit,65,2017
Kendrick Lamar Featuring Rihanna,Loyalty.,66,2017
Kesha,Praying,67,2017
Travis Scott,Goosebumps,68,2017
Maroon 5 Featuring Future,Cold,69,2017
D.R.A.M. Featuring Lil Yachty,Broccoli,70,2017
Calvin Harris Featuring Frank Ocean & Migos,Slide,71,2017
Kane Brown Featuring Lauren Alaina,What Ifs,72,2017
Katy Perry Featuring Skip Marley,Chained To The Rhythm,73,2017
"Calvin Harris Featuring Pharrell Williams, Katy Perry & Big Sean",Feels,74,2017
Jon Bellion,All Time Low,75,2017
Luke Combs,Hurricane,76,2017
Sam Smith,Too Good At Goodbyes,77,2017
Khalid,Young Dumb & Broke,78,2017
Playboi Carti,Magnolia,79,2017
SZA Featuring Travis Scott,Love Galore,80,2017
A Boogie Wit da Hoodie Featuring Kodak Black,Drowning,81,2017
Hailee Steinfeld & Grey Featuring Zedd,Starving,82,2017
Gucci Mane Featuring Drake,Both,83,2017
P!nk,What About Us,84,2017
Jason Derulo Featuring Nicki Minaj & Ty Dolla $ign,Swalla,85,2017
Migos Featuring Gucci Mane,Slippery,86,2017
Harry Styles,Sign Of The Times,87,2017
Adele,Water Under The Bridge,88,2017
Miley Cyrus,Malibu,89,2017
Marian Hill,Down,90,2017
Cheat Codes Featuring Demi Lovato,No Promises,91,2017
Shawn Mendes,Treat You Better,92,2017
Gucci Mane Featuring Migos,I Get The Bag,93,2017
Dustin Lynch,Small Town Boy,94,2017
YFN Lucci Featuring PnB Rock,Everyday We Lit,95,2017
Camila Cabello Featuring Young Thug,Havana,96,2017
Maroon 5 Featuring SZA,What Lovers Do,97,2017
blackbear,Do Re Mi,98,2017
XXXTENTACION,Look At Me!,99,2017
Keith Urban Featuring Carrie Underwood,The Fighter,100,2017
Drake,God's Plan,1,2018
Ed Sheeran,Perfect,2,2018
Bebe Rexha & Florida Georgia Line,Meant To Be,3,2018
Camila Cabello Featuring Young Thug,Havana,4,2018
Post Malone Featuring 21 Savage,Rockstar,5,2018
Post Malone Featuring Ty Dolla $ign,Psycho,6,2018
"Cardi B, Bad Bunny & J Balvin",I Like It,7,2018
"Zedd, Maren Morris & Grey",The Middle,8,2018
Drake,In My Feelings,9,2018
Maroon 5 Featuring Cardi B,Girls Like You,10,2018
Drake,Nice For What,11,2018
Juice WRLD,Lucid Dreams,12,2018
Post Malone,Better Now,13,2018
Bruno Mars & Cardi B,Finesse,14,2018
Ella Mai,Boo'd Up,15,2018
Dua Lipa,New Rules,16,2018
XXXTENTACION,Sad!,17,2018
Camila Cabello,Never Be The Same,18,2018
Khalid & Normani,Love Lies,19,2018
Ariana Grande,No Tears Left To Cry,20,2018
Bazzi,Mine,21,2018
Imagine Dragons,Thunder,22,2018
BlocBoy JB Featuring Drake,Look Alive,23,2018
Taylor Swift,Delicate,24,2018
Lil Baby & Drake,Yes Indeed,25,2018
Marshmello & Anne-Marie,Friends,26,2018
Halsey,Bad At Love,27,2018
Tyga Featuring Offset,Taste,28,2018
NF,Let You Down,29,2018
G-Eazy Featuring A$AP Rocky & Cardi B,No Limit,30,2018
6ix9ine Featuring Nicki Minaj & Murda Beatz,FEFE,31,2018
Dan + Shay,Tequila,32,2018
Portugal. The Man,Feel It Still,33,2018
"Migos, Nicki Minaj & Cardi B",MotorSport,34,2018
Lauv,I Like Me Better,35,2018
5 Seconds Of Summer,Youngblood,36,2018
Imagine Dragons,Whatever It Takes,37,2018
Offset & Metro Boomin,Ric Flair Drip,38,2018
Post Malone,I Fall Apart,39,2018
The Weeknd & Kendrick Lamar,Pray For Me,40,2018
Selena Gomez,Back To You,41,2018
Travis Scott,Sicko Mode,42,2018
Migos Featuring Drake,Walk It Talk It,43,2018
Lil Pump,Gucci Gang,44,2018
G-Eazy & Halsey,Him & I,45,2018
Shawn Mendes,In My Blood,46,2018
Kendrick Lamar & SZA,All The Stars,47,2018
Migos,Stir Fry,48,2018
Sam Smith,Too Good At Goodbyes,49,2018
Kendrick Lamar Featuring Zacari,Love.,50,2018
Childish Gambino,This Is America,51,2018
Drake,Nonstop,52,2018
Kane Brown,Heaven,53,2018
Cardi B,Bodak Yellow (Money Moves),54,2018
Lil Dicky Featuring Chris Brown,Freaky Friday,55,2018
6ix9ine,Gummo,56,2018
Rich The Kid,Plug Walk,57,2018
Maroon 5,Wait,58,2018
Cardi B,Be Careful,59,2018
Selena Gomez X Marshmello,Wolves,60,2018
Cardi B Featuring 21 Savage,Bartier Cardi,61,2018
Ariana Grande,God Is A Woman,62,2018
"YG Featuring 2 Chainz, Big Sean & Nicki Minaj",Big Bank,63,2018
Demi Lovato,Sorry Not Sorry,64,2018
Charlie Puth,How Long,65,2018
MAX Featuring gnash,Lights Down Low,66,2018
Khalid,Young Dumb & Broke,67,2018
Calvin Harris & Dua Lipa,One Kiss,68,2018
Imagine Dragons,Natural,69,2018
Jason Aldean,You Make It Easy,70,2018
Ed Sheeran,Shape Of You,71,2018
Gucci Mane Featuring Migos,I Get The Bag,72,2018
"DJ Khaled Featuring Justin Bieber, Chance The Rapper & Quavo",No Brainer,73,2018
A$AP Ferg Featuring Nicki Minaj,Plain Jane,74,2018
Miguel Featuring Travis Scott,Sky Walker,75,2018
Thomas Rhett,Marry Me,76,2018
"benny blanco, Halsey & Khalid",Eastside,77,2018
The Weeknd,Call Out My Name,78,2018
"Jay Rock, Kendrick Lamar, Future & James Blake",King's Dead,79,2018
Marshmello & Bastille,Happier,80,2018
"Casper Magico, Nio Garcia, Darell, Nicky Jam, Ozuna & Bad Bunny",Te Bote,81,2018
Florida Georgia Line,Simple,82,2018
N*E*R*D & Rihanna,Lemon,83,2018
Logic Featuring Alessia Cara & Khalid,1-800-273-8255,84,2018
Justin Timberlake Featuring Chris Stapleton,Say Something,85,2018
Drake,I'm Upset,86,2018
Kenny Chesney,Get Along,87,2018
XXXTENTACION,Moonlight,88,2018
Maroon 5 Featuring SZA,What Lovers Do,89,2018
Nicky Jam x J Balvin,X,90,2018
YoungBoy Never Broke Again,Outside Today,91,2018
Ella Mai,Trip,92,2018
Daddy Yankee,Dura,93,2018
XXXTENTACION,Changes,94,2018
Brett Young,Mercy,95,2018
Luke Combs,One Number Away,96,2018
Rae Sremmurd & Juicy J,Powerglide,97,2018
Dua Lipa,IDGAF,98,2018
J Balvin & Willy William Featuring Beyonce,Mi Gente,99,2018
Imagine Dragons,Believer,100,2018
Lil Nas X Featuring Billy Ray Cyrus,Old Town Road,1,2019
Post Malone & Swae Lee,Sunflower (Spider-Man: Into The Spider-Verse),2,2019
Halsey,Without Me,3,2019
Billie Eilish,Bad Guy,4,2019
Post Malone,Wow.,5,2019
Marshmello & Bastille,Happier,6,2019
Ariana Grande,7 Rings,7,2019
Khalid,Talk,8,2019
Travis Scott,Sicko Mode,9,2019
Jonas Brothers,Sucker,10,2019
Panic! At The Disco,High Hopes,11,2019
Ariana Grande,"Thank U, Next",12,2019
Lizzo,Truth Hurts,13,2019
Sam Smith & Normani,Dancing With A Stranger,14,2019
Shawn Mendes & Camila Cabello,Senorita,15,2019
Ed Sheeran & Justin Bieber,I Don't Care,16,2019
"benny blanco, Halsey & Khalid",Eastside,17,2019
Meek Mill Featuring Drake,Going Bad,18,2019
Lady Gaga & Bradley Cooper,Shallow,19,2019
Khalid,Better,20,2019
Chris Brown Featuring Drake,No Guidance,21,2019
Maroon 5 Featuring Cardi B,Girls Like You,22,2019
Ava Max,Sweet But Psycho,23,2019
DaBaby,Suge,24,2019
J. Cole,Middle Child,25,2019
Lil Baby & Gunna,Drip Too Hard,26,2019
Lewis Capaldi,Someone You Loved,27,2019
Lil Tecca,Ran$om,28,2019
Shawn Mendes,If I Can't Have You,29,2019
Post Malone Featuring Young Thug,Goodbyes,30,2019
Kodak Black Featuring Travis Scott & Offset,ZEZE,31,2019
Post Malone,Better Now,32,2019
5 Seconds Of Summer,Youngblood,33,2019
Drake Featuring Rick Ross,Money In The Grave,34,2019
Dan + Shay,Speechless,35,2019
Ariana Grande,"Break Up With Your Girlfriend, I'm Bored",36,2019
Cardi B & Bruno Mars,Please Me,37,2019
Cardi B,Money,38,2019
Taylor Swift,You Need To Calm Down,39,2019
Lil Nas X,Panini,40,2019
A Boogie Wit da Hoodie,Look Back At It,41,2019
21 Savage,A Lot,42,2019
Taylor Swift Featuring Brendon Urie,ME!,43,2019
Bad Bunny Featuring Drake,MIA,44,2019
Polo G Featuring Lil Tjay,Pop Out,45,2019
Luke Combs,Beautiful Crazy,46,2019
Blueface,Thotiana,47,2019
Juice WRLD,Lucid Dreams,48,2019
Sheck Wes,Mo Bamba,49,2019
Ed Sheeran Featuring Khalid,Beautiful People,50,2019
Gucci Mane X Bruno Mars X Kodak Black,Wake Up In The Sky,51,2019
Morgan Wallen,Whiskey Glasses,52,2019
Blake Shelton,God's Country,53,2019
Dean Lewis,Be Alright,54,2019
Mustard & Migos,Pure Water,55,2019
Blanco Brown,The Git Up,56,2019
"DJ Snake Featuring Selena Gomez, Ozuna & Cardi B",Taki Taki,57,2019
Ellie Goulding X Diplo Featuring Swae Lee,Close To Me,58,2019
Calboy,Envy Me,59,2019
Lauren Daigle,You Say,60,2019
Panic! At The Disco,"Hey Look Ma, I Made It",61,2019
Post Malone,Circles,62,2019
Luke Combs,Beer Never Broke My Heart,63,2019
"Young Thug, J. Cole & Travis Scott",The London,64,2019
Daddy Yankee & Katy Perry Featuring Snow,Con Calma,65,2019
YNW Melly,Murder On My Mind,66,2019
Billie Eilish,When The Party's Over,67,2019
City Girls,Act Up,68,2019
"Cardi B, Bad Bunny & J Balvin",I Like It,69,2019
SHAED,Trampoline,70,2019
Flipp Dinero,Leave Me Alone,71,2019
Ariana Grande,Breathin,72,2019
Billie Eilish,Bury A Friend,73,2019
Lil Baby,Close Friends,74,2019
Pinkfong,Baby Shark,75,2019
Saweetie,My Type,76,2019
YK Osiris,Worth It,77,2019
Jonas Brothers,Only Human,78,2019
Luke Bryan,Knockin' Boots,79,2019
Ella Mai,Trip,80,2019
Lee Brice,Rumor,81,2019
A Boogie Wit da Hoodie Featuring 6ix9ine,Swervin,82,2019
Sam Smith,How Do You Sleep?,83,2019
Lil Baby & DaBaby,Baby,84,2019
Thomas Rhett,Look What God Gave Her,85,2019
Kane Brown,Good As You,86,2019
Offset Featuring Cardi B,Clout,87,2019
Khalid & Normani,Love Lies,88,2019
Marshmello & Kane Brown,One Thing Right,89,2019
Megan Thee Stallion Featuring DaBaby,Cash Shit,90,2019
Dan + Shay,Tequila,91,2019
NLE Choppa,Shotta Flow,92,2019
"Megan Thee Stallion, Nicki Minaj & Ty Dolla $ign",Hot Girl Summer,93,2019
Florida Georgia Line,Talk You Out Of It,94,2019
Bazzi Featuring Camila Cabello,Beautiful,95,2019
Chase Rice,Eyes On You,96,2019
Dan + Shay,All To Myself,97,2019
Ariana Grande & Social House,Boyfriend,98,2019
P!nk,Walk Me Home,99,2019
Juice WRLD,Robbery,100,2019
The Weeknd,Blinding Lights,1,2020
Post Malone,Circles,2,2020
Roddy Ricch,The Box,3,2020
Dua Lipa,Don't Start Now,4,2020
DaBaby Featuring Roddy Ricch,Rockstar,5,2020
Harry Styles,Adore You,6,2020
Future Featuring Drake,Life Is Good,7,2020
Maroon 5,Memories,8,2020
Maren Morris,The Bones,9,2020
Lewis Capaldi,Someone You Loved,10,2020
Doja Cat,Say So,11,2020
Gabby Barrett Featuring Charlie Puth,I Hope,12,2020
"Jack Harlow Featuring DaBaby, Tory Lanez & Lil Wayne",Whats Poppin,13,2020
Tones And I,Dance Monkey,14,2020
Megan Thee Stallion,Savage,15,2020
Arizona Zervas,Roxanne,16,2020
Justin Bieber Featuring Quavo,Intentions,17,2020
Billie Eilish,Everything I Wanted,18,2020
SAINt JHN,Roses,19,2020
Harry Styles,Watermelon Sugar,20,2020
Lewis Capaldi,Before You Go,21,2020
Trevor Daniel,Falling,22,2020
Dan + Shay & Justin Bieber,"10,000 Hours",23,2020
Cardi B Featuring Megan Thee Stallion,WAP,24,2020
Mustard & Roddy Ricch,Ballin',25,2020
blackbear,Hot Girl Bummer,26,2020
Lil Mosey,Blueberry Faygo,27,2020
The Weeknd,Heartless,28,2020
DaBaby,BOP,29,2020
Selena Gomez,Lose You To Love Me,30,2020
Lizzo,Good As Hell,31,2020
Drake,Toosie Slide,32,2020
Dua Lipa,Break My Heart,33,2020
Morgan Wallen,Chasin' You,34,2020
Jawsh 685 x Jason Derulo,Savage Love (Laxed - Siren Beat),35,2020
Chris Brown Featuring Drake,No Guidance,36,2020
Camila Cabello Featuring DaBaby,My Oh My,37,2020
BTS,Dynamite,38,2020
Chris Brown & Young Thug,Go Crazy,39,2020
Roddy Ricch Featuring Mustard,High Fashion,40,2020
Drake Featuring Lil Durk,Laugh Now Cry Later,41,2020
Lil Baby,Woah,42,2020
Powfu Featuring beabadoobee,Death Bed,43,2020
Shawn Mendes & Camila Cabello,Senorita,44,2020
Travis Scott,HIGHEST IN THE ROOM,45,2020
Billie Eilish,Bad Guy,46,2020
24kGoldn Featuring iann dior,Mood,47,2020
Lady Gaga & Ariana Grande,Rain On Me,48,2020
Pop Smoke Featuring Lil Baby & DaBaby,For The Night,49,2020
Black Eyed Peas X J Balvin,RITMO (Bad Boys For Life),50,2020
Rod Wave,Heart On Ice,51,2020
Blake Shelton Duet With Gwen Stefani,Nobody But You,52,2020
SHAED,Trampoline,53,2020
Juice WRLD x Marshmello,Come & Go,54,2020
Lizzo,Truth Hurts,55,2020
JP Saxe Featuring Julia Michaels,If The World Was Ending,56,2020
Lil Baby & 42 Dugg,We Paid,57,2020
Justin Bieber,Yummy,58,2020
Old Dominion,One Man Band,59,2020
Jason Aldean,Got What I Got,60,2020
Surfaces,Sunday Best,61,2020
Eminem Featuring Juice WRLD,Godzilla,62,2020
Juice WRLD & YoungBoy Never Broke Again,Bandit,63,2020
StaySolidRocky,Party Girl,64,2020
Maddie & Tae,Die From A Broken Heart,65,2020
DJ Khaled Featuring Drake,Popstar,66,2020
Mariah Carey,All I Want For Christmas Is You,67,2020
Lee Brice,One Of Them Girls,68,2020
Sam Hunt,Hard To Forget,69,2020
Luke Bryan,One Margarita,70,2020
Lil Nas X,Panini,71,2020
Young Thug Featuring Gunna,Hot,72,2020
Carly Pearce & Lee Brice,I Hope You're Happy Now,73,2020
Lil Baby,Emotionally Scarred,74,2020
YNW Melly & Juice WRLD,Suicidal,75,2020
Lil Baby,The Bigger Picture,76,2020
Jonas Brothers,Only Human,77,2020
Pop Smoke Featuring 50 Cent & Roddy Ricch,The Woo,78,2020
Lil Baby,Sum 2 Prove,79,2020
Ariana Grande & Justin Bieber,Stuck With U,80,2020
Pop Smoke Featuring Lil Tjay,Mood Swings,81,2020
Halsey,You Should Be Sad,82,2020
Pop Smoke,Dior,83,2020
BENEE Featuring Gus Dapperton,Supalonely,84,2020
Luke Combs,Even Though I'm Leaving,85,2020
"THE SCOTTS, Travis Scott & Kid Cudi",The Scotts,86,2020
Doja Cat & Tyga,Juicy,87,2020
Kane Brown With Swae Lee & Khalid,Be Like That,88,2020
Kane Brown,Homesick,89,2020
Rod Wave Featuring ATR Son Son,Rags2Riches,90,2020
Miranda Lambert,Bluebird,91,2020
Juice WRLD,Wishing Well,92,2020
Luke Combs Featuring Eric Church,Does To Me,93,2020
Jhene Aiko,P*$$y Fairy (OTW),94,2020
Surf Mesa Featuring Emilee,ily,95,2020
Morgan Wallen,More Than My Hometown,96,2020
Luke Combs,Lovin' On You,97,2020
Moneybagg Yo,Said Sum,98,2020
H.E.R. Featuring YG,Slide,99,2020
NLE Choppa Featuring Roddy Ricch,Walk Em Down,100,2020
Dua Lipa,Levitating,1,2021
The Weeknd & Ariana Grande,Save Your Tears,2,2021
The Weeknd,Blinding Lights,3,2021
24kGoldn Featuring iann dior,Mood,4,2021
Olivia Rodrigo,Good 4 U,5,2021
Doja Cat Featuring SZA,Kiss Me More,6,2021
Silk Sonic (Bruno Mars & Anderson .Paak),Leave The Door Open,7,2021
Olivia Rodrigo,Drivers License,8,2021
Lil Nas X,Montero (Call Me By Your Name),9,2021
Justin Bieber Featuring Daniel Caesar & Giveon,Peaches,10,2021
BTS,Butter,11,2021
The Kid LAROI & Justin Bieber,Stay,12,2021
Olivia Rodrigo,Deja Vu,13,2021
Ariana Grande,Positions,14,2021
Ed Sheeran,Bad Habits,15,2021
Glass Animals,Heat Waves,16,2021
The Kid LAROI,Without You,17,2021
Luke Combs,Forever After All,18,2021
Chris Brown & Young Thug,Go Crazy,19,2021
Masked Wolf,Astronaut In The Ocean,20,2021
Ariana Grande Feat. Doja Cat & Megan Thee Stallion,34+35,21,2021
Pop Smoke,What You Know Bout Love,22,2021
Machine Gun Kelly X blackbear,My Ex's Best Friend,23,2021
Lil Nas X & Jack Harlow,Industry Baby,24,2021
Billie Eilish,Therefore I Am,25,2021
Cardi B,Up,26,2021
Walker Hayes,Fancy Like,27,2021
Bad Bunny & Jhay Cortez,Dakiti,28,2021
Saweetie Featuring Doja Cat,Best Friend,29,2021
Polo G,Rapstar,30,2021
Giveon,Heartbreak Anniversary,31,2021
Pop Smoke Featuring Lil Baby & DaBaby,For The Night,32,2021
Lil Tjay Featuring 6LACK,Calling My Phone,33,2021
Maroon 5 Featuring Megan Thee Stallion,Beautiful Mistakes,34,2021
Justin Bieber Featuring Chance The Rapper,Holy,35,2021
Lil Baby,On Me,36,2021
Tate McRae,You Broke Me First.,37,2021
Olivia Rodrigo,Traitor,38,2021
Pooh Shiesty Featuring Lil Durk,Back In Blood,39,2021
Gabby Barrett Featuring Charlie Puth,I Hope,40,2021
BTS,Dynamite,41,2021
Moneybagg Yo,Wockesha,42,2021
Doja Cat & The Weeknd,You Right,43,2021
SpotemGottem Featuring Pooh Shiesty Or DaBaby,Beat Box,44,2021
Drake Featuring Lil Durk,Laugh Now Cry Later,45,2021
Doja Cat,Need To Know,46,2021
Drake Featuring Lil Baby,Wants And Needs,47,2021
Drake Featuring Future & Young Thug,Way 2 Sexy,48,2021
Kali Uchis,Telepatia,49,2021
CJ,Whoopty,50,2021
Internet Money & Gunna Featuring Don Toliver & NAV,Lemonade,51,2021
SZA,Good Days,52,2021
Chris Stapleton,Starting Over,53,2021
Megan Thee Stallion,Body,54,2021
Taylor Swift,Willow,55,2021
AJR,Bang!,56,2021
Luke Combs,Better Together,57,2021
Yung Bleu Featuring Drake,You're Mines Still,58,2021
DJ Khaled Featuring Lil Baby & Lil Durk,Every Chance I Get,59,2021
Wizkid Featuring Justin Bieber & Tems,Essence,60,2021
Ryan Hurd With Maren Morris,Chasing After You,61,2021
Gabby Barrett,The Good Ones,62,2021
Marshmello X Jonas Brothers,Leave Before You Love Me,63,2021
Dan + Shay,Glad You Exist,64,2021
Justin Bieber & benny blanco,Lonely,65,2021
Maneskin,Beggin',66,2021
Doja Cat,Streets,67,2021
Drake,What's Next,68,2021
Chris Young + Kane Brown,Famous Friends,69,2021
Nelly & Florida Georgia Line,Lil Bit,70,2021
Megan Thee Stallion,Thot Shit,71,2021
Roddy Ricch,Late At Night,72,2021
Ava Max,Kings & Queens,73,2021
Justin Bieber,Anyone,74,2021
Mooski,Track Star,75,2021
Moneybagg Yo,Time Today,76,2021
Megan Thee Stallion Featuring DaBaby,Cry Baby,77,2021
Mariah Carey,All I Want For Christmas Is You,78,2021
Coi Leray Featuring Lil Durk,No More Parties,79,2021
Thomas Rhett,What's Your Country Song,80,2021
Keith Urban Duet With P!nk,One Too Many,81,2021
Duncan Laurence,Arcade,82,2021
Bad Bunny,Yonaguni,83,2021
Niko Moon,Good Time,84,2021
Jason Aldean & Carrie Underwood,If I Didn't Love You,85,2021
Drake Featuring 21 Savage & Project Pat,Knife Talk,86,2021
Ariana Grande,pov,87,2021
Parmalee x Blanco Brown,Just The Way,88,2021
The Weeknd,Take My Breath,89,2021
Dua Lipa,We're Good,90,2021
Eric Church,Hell Of A View,91,2021
Brenda Lee,Rockin' Around The Christmas Tree,92,2021
Ritt Momney,Put Your Records On,93,2021
Billie Eilish,Happier Than Ever,94,2021
Cole Swindell,Single Saturday Night,95,2021
Lainey Wilson,Things A Man Oughta Know,96,2021
BRS Kash,Throat Baby (Go Baby),97,2021
Rod Wave,Tombstone,98,2021
Chase Rice Featuring Florida Georgia Line,Drinkin' Beer. Talkin' God. Amen.,99,2021
Rauw Alejandro,Todo de Ti,100,2021
Glass Animals,Heat Waves,1,2022
Harry Styles,As It Was,2,2022
The Kid LAROI & Justin Bieber,Stay,3,2022
Adele,Easy On Me,4,2022
Ed Sheeran,Shivers,5,2022
Jack Harlow,First Class,6,2022
Latto,Big Energy,7,2022
Justin Bieber,Ghost,8,2022
Kodak Black,Super Gremlin,9,2022
Elton John & Dua Lipa,Cold Heart (PNAU Remix),10,2022
Future Featuring Drake & Tems,Wait For U,11,2022
Lizzo,About Damn Time,12,2022
Ed Sheeran,Bad Habits,13,2022
Lil Nas X,Thats What I Want,14,2022
Imagine Dragons X JID,Enemy,15,2022
Lil Nas X & Jack Harlow,Industry Baby,16,2022
GAYLE,abcdefu,17,2022
Doja Cat,Need To Know,18,2022
Morgan Wallen,Wasted On You,19,2022
Bad Bunny & Chencho Corleone,Me Porto Bonito,20,2022
Doja Cat,Woman,21,2022
Bad Bunny,Titi Me Pregunto,22,2022
Kate Bush,Running Up That Hill (A Deal With God),23,2022
"Carolina Gaitan, Mauro Castillo, Adassa, Rhenzy Feliz, Diane Guerrero, Stephanie Beatriz & Encanto Cast",We Don't Talk About Bruno,24,2022
Harry Styles,Late Night Talking,25,2022
Post Malone Featuring Doja Cat,I Like You (A Happier Song),26,2022
Morgan Wallen,You Proof,27,2022
Steve Lacy,Bad Habit,28,2022
Nicky Youre & dazy,Sunroof,29,2022
Post Malone & The Weeknd,One Right Now,30,2022
Olivia Rodrigo,Good 4 U,31,2022
Em Beihold,Numb Little Bug,32,2022
Drake Featuring 21 Savage,Jimmy Cooks,33,2022
Cody Johnson,'Til You Can't,34,2022
Walker Hayes,Fancy Like,35,2022
Luke Combs,The Kind Of Love We Make,36,2022
OneRepublic,I Ain't Worried,37,2022
Beyonce,Break My Soul,38,2022
Zach Bryan,Something In The Orange,39,2022
The Weeknd & Ariana Grande,Save Your Tears,40,2022
Silk Sonic (Bruno Mars & Anderson .Paak),Smokin Out The Window,41,2022
Dua Lipa,Levitating,42,2022
Lil Baby,In A Minute,43,2022
Bad Bunny,Moscow Mule,44,2022
Doja Cat & The Weeknd,You Right,45,2022
Cole Swindell,She Had Me At Heads Carolina,46,2022
Doja Cat,Vegas,47,2022
Gunna & Future Featuring Young Thug,Pushin P,48,2022
Jordan Davis Featuring Luke Bryan,Buy Dirt,49,2022
SZA,I Hate U,50,2022
Dove Cameron,Boyfriend,51,2022
Joji,Glimpse Of Us,52,2022
Jessica Darrow,Surface Pressure,53,2022
Bailey Zimmerman,Fall In Love,54,2022
CKay,Love Nwantiti (Ah Ah Ah),55,2022
Nicki Minaj,Super Freaky Girl,56,2022
Muni Long,Hrs And Hrs,57,2022
Morgan Wallen,Sand In My Boots,58,2022
Becky G X Karol G,MAMIII,59,2022
Drake Featuring 21 Savage & Project Pat,Knife Talk,60,2022
Walker Hayes,AA,61,2022
Megan Thee Stallion & Dua Lipa,Sweetest Pie,62,2022
Karol G,Provenza,63,2022
Wizkid Featuring Justin Bieber & Tems,Essence,64,2022
Mariah Carey,All I Want For Christmas Is You,65,2022
Camila Cabello Featuring Ed Sheeran,Bam Bam,66,2022
Tyler Hubbard,5 Foot 9,67,2022
Doja Cat,Get Into It (Yuh),68,2022
Bad Bunny,Efecto,69,2022
Bailey Zimmerman,Rock And A Hard Place,70,2022
Luke Combs,Doin' This,71,2022
Adele,Oh My God,72,2022
NEIKED X Mae Muller X Polo G,Better Days,73,2022
THE ANXIETY: WILLOW & Tyler Cole,Meet Me At Our Spot,74,2022
Lauren Spencer Smith,Fingers Crossed,75,2022
Taylor Swift,All Too Well (Taylor's Version),76,2022
Bad Bunny & Rauw Alejandro,Party,77,2022
Bad Bunny,Despues de La Playa,78,2022
Chris Stapleton,You Should Probably Leave,79,2022
Brenda Lee,Rockin' Around The Christmas Tree,80,2022
Lil Durk Featuring Morgan Wallen,Broadway Girls,81,2022
Parmalee,Take My Name,82,2022
Lil Durk Featuring Gunna,What Happened To Virgil,83,2022
Future,Puffin On Zootiez,84,2022
Kane Brown,Like I Love Country Music,85,2022
Bobby Helms,Jingle Bell Rock,86,2022
Bad Bunny & Bomba Estereo,Ojitos Lindos,87,2022
Jason Aldean,Trouble With A Heartbreak,88,2022
Burl Ives,A Holly Jolly Christmas,89,2022
Doja Cat Featuring SZA,Kiss Me More,90,2022
Russell Dickerson & Jake Scott,She Likes It,91,2022
Cole Swindell / Lainey Wilson,Never Say Never,92,2022
Scotty McCreery,Damn Strait,93,2022
Tate McRae,She's All I Wanna Be,94,2022
Jon Pardi,Last Night Lonely,95,2022
ERNEST Featuring Morgan Wallen,Flower Shops,96,2022
JNR CHOI & Sam Tompkins,To The Moon!,97,2022
Sam Smith & Kim Petras,Unholy,98,2022
Kane Brown,One Mississippi,99,2022
Maren Morris,Circles Around This Town,100,2022
